original_split,original_filename,reason
train_val,d_r_103_.jpg,below threshold (0 < 500 FV pixels)
train_val,d_r_105_.jpg,below threshold (0 < 500 FV pixels)
train_val,d_r_112_.jpg,below threshold (0 < 500 FV pixels)
train_val,d_r_113_.jpg,below threshold (0 < 500 FV pixels)
train_val,d_r_125_.jpg,below threshold (0 < 500 FV pixels)
train_val,d_r_132_.jpg,below threshold (0 < 500 FV pixels)
train_val,d_r_135_.jpg,below threshold (11 < 500 FV pixels)
train_val,d_r_145_.jpg,below threshold (0 < 500 FV pixels)
train_val,d_r_14_.jpg,below threshold (0 < 500 FV pixels)
train_val,d_r_153_.jpg,below threshold (0 < 500 FV pixels)
train_val,d_r_160_.jpg,below threshold (0 < 500 FV pixels)
train_val,d_r_163_.jpg,below threshold (267 < 500 FV pixels)
train_val,d_r_169_.jpg,below threshold (0 < 500 FV pixels)
train_val,d_r_174_.jpg,below threshold (0 < 500 FV pixels)
train_val,d_r_179_.jpg,below threshold (0 < 500 FV pixels)
train_val,d_r_17_.jpg,below threshold (0 < 500 FV pixels)
train_val,d_r_185_.jpg,below threshold (0 < 500 FV pixels)
train_val,d_r_186_.jpg,below threshold (0 < 500 FV pixels)
train_val,d_r_189_.jpg,below threshold (0 < 500 FV pixels)
train_val,d_r_18_.jpg,below threshold (0 < 500 FV pixels)
train_val,d_r_195_.jpg,below threshold (0 < 500 FV pixels)
train_val,d_r_198_.jpg,below threshold (0 < 500 FV pixels)
train_val,d_r_1_.jpg,below threshold (0 < 500 FV pixels)
train_val,d_r_204_.jpg,below threshold (0 < 500 FV pixels)
train_val,d_r_20_.jpg,below threshold (0 < 500 FV pixels)
train_val,d_r_211_.jpg,below threshold (0 < 500 FV pixels)
train_val,d_r_215_.jpg,below threshold (0 < 500 FV pixels)
train_val,d_r_223_.jpg,below threshold (0 < 500 FV pixels)
train_val,d_r_23_.jpg,below threshold (0 < 500 FV pixels)
train_val,d_r_247_.jpg,below threshold (0 < 500 FV pixels)
train_val,d_r_253_.jpg,below threshold (0 < 500 FV pixels)
train_val,d_r_256_.jpg,below threshold (0 < 500 FV pixels)
train_val,d_r_259_.jpg,below threshold (0 < 500 FV pixels)
train_val,d_r_25_.jpg,below threshold (0 < 500 FV pixels)
train_val,d_r_266_.jpg,below threshold (0 < 500 FV pixels)
train_val,d_r_268_.jpg,below threshold (0 < 500 FV pixels)
train_val,d_r_26_.jpg,below threshold (0 < 500 FV pixels)
train_val,d_r_270_.jpg,below threshold (0 < 500 FV pixels)
train_val,d_r_273_.jpg,below threshold (0 < 500 FV pixels)
train_val,d_r_274_.jpg,below threshold (0 < 500 FV pixels)
train_val,d_r_275_.jpg,below threshold (0 < 500 FV pixels)
train_val,d_r_288_.jpg,below threshold (0 < 500 FV pixels)
train_val,d_r_293_.jpg,below threshold (0 < 500 FV pixels)
train_val,d_r_299_.jpg,below threshold (0 < 500 FV pixels)
train_val,d_r_29_.jpg,below threshold (0 < 500 FV pixels)
train_val,d_r_301_.jpg,below threshold (0 < 500 FV pixels)
train_val,d_r_305_.jpg,below threshold (0 < 500 FV pixels)
train_val,d_r_310_.jpg,below threshold (0 < 500 FV pixels)
train_val,d_r_312_.jpg,below threshold (0 < 500 FV pixels)
train_val,d_r_319_.jpg,below threshold (0 < 500 FV pixels)
train_val,d_r_323_.jpg,below threshold (0 < 500 FV pixels)
train_val,d_r_324_.jpg,below threshold (0 < 500 FV pixels)
train_val,d_r_326_.jpg,below threshold (0 < 500 FV pixels)
train_val,d_r_327_.jpg,below threshold (0 < 500 FV pixels)
train_val,d_r_333_.jpg,below threshold (0 < 500 FV pixels)
train_val,d_r_33_.jpg,below threshold (0 < 500 FV pixels)
train_val,d_r_340_.jpg,below threshold (0 < 500 FV pixels)
train_val,d_r_348_.jpg,below threshold (0 < 500 FV pixels)
train_val,d_r_363_.jpg,below threshold (0 < 500 FV pixels)
train_val,d_r_364_.jpg,below threshold (0 < 500 FV pixels)
train_val,d_r_372_.jpg,below threshold (0 < 500 FV pixels)
train_val,d_r_376_.jpg,below threshold (0 < 500 FV pixels)
train_val,d_r_377_.jpg,below threshold (0 < 500 FV pixels)
train_val,d_r_378_.jpg,below threshold (0 < 500 FV pixels)
train_val,d_r_37_.jpg,below threshold (0 < 500 FV pixels)
train_val,d_r_382_.jpg,below threshold (0 < 500 FV pixels)
train_val,d_r_383_.jpg,below threshold (0 < 500 FV pixels)
train_val,d_r_385_.jpg,below threshold (0 < 500 FV pixels)
train_val,d_r_387_.jpg,below threshold (0 < 500 FV pixels)
train_val,d_r_388_.jpg,below threshold (0 < 500 FV pixels)
train_val,d_r_399_.jpg,below threshold (0 < 500 FV pixels)
train_val,d_r_3_.jpg,below threshold (0 < 500 FV pixels)
train_val,d_r_403_.jpg,below threshold (0 < 500 FV pixels)
train_val,d_r_404_.jpg,below threshold (0 < 500 FV pixels)
train_val,d_r_406_.jpg,below threshold (0 < 500 FV pixels)
train_val,d_r_428_.jpg,below threshold (0 < 500 FV pixels)
train_val,d_r_437_.jpg,below threshold (0 < 500 FV pixels)
train_val,d_r_439_.jpg,below threshold (0 < 500 FV pixels)
train_val,d_r_440_.jpg,below threshold (0 < 500 FV pixels)
train_val,d_r_444_.jpg,below threshold (0 < 500 FV pixels)
train_val,d_r_447_.jpg,below threshold (0 < 500 FV pixels)
train_val,d_r_450_.jpg,below threshold (0 < 500 FV pixels)
train_val,d_r_455_.jpg,below threshold (0 < 500 FV pixels)
train_val,d_r_463_.jpg,below threshold (0 < 500 FV pixels)
train_val,d_r_467_.jpg,below threshold (0 < 500 FV pixels)
train_val,d_r_470_.jpg,below threshold (0 < 500 FV pixels)
train_val,d_r_473_.jpg,below threshold (0 < 500 FV pixels)
train_val,d_r_474_.jpg,below threshold (0 < 500 FV pixels)
train_val,d_r_476_.jpg,below threshold (0 < 500 FV pixels)
train_val,d_r_486_.jpg,below threshold (0 < 500 FV pixels)
train_val,d_r_493_.jpg,below threshold (0 < 500 FV pixels)
train_val,d_r_494_.jpg,below threshold (0 < 500 FV pixels)
train_val,d_r_496_.jpg,below threshold (0 < 500 FV pixels)
train_val,d_r_4_.jpg,below threshold (0 < 500 FV pixels)
train_val,d_r_504_.jpg,below threshold (278 < 500 FV pixels)
train_val,d_r_50_.jpg,below threshold (0 < 500 FV pixels)
train_val,d_r_513_.jpg,below threshold (0 < 500 FV pixels)
train_val,d_r_516_.jpg,below threshold (289 < 500 FV pixels)
train_val,d_r_519_.jpg,below threshold (0 < 500 FV pixels)
train_val,d_r_51_.jpg,below threshold (0 < 500 FV pixels)
train_val,d_r_526_.jpg,below threshold (0 < 500 FV pixels)
train_val,d_r_527_.jpg,below threshold (0 < 500 FV pixels)
train_val,d_r_541_.jpg,below threshold (0 < 500 FV pixels)
train_val,d_r_542_.jpg,below threshold (0 < 500 FV pixels)
train_val,d_r_549_.jpg,below threshold (0 < 500 FV pixels)
train_val,d_r_551_.jpg,below threshold (0 < 500 FV pixels)
train_val,d_r_553_.jpg,below threshold (0 < 500 FV pixels)
train_val,d_r_555_.jpg,below threshold (0 < 500 FV pixels)
train_val,d_r_564_.jpg,below threshold (0 < 500 FV pixels)
train_val,d_r_576_.jpg,below threshold (0 < 500 FV pixels)
train_val,d_r_587_.jpg,below threshold (0 < 500 FV pixels)
train_val,d_r_588_.jpg,below threshold (0 < 500 FV pixels)
train_val,d_r_591_.jpg,below threshold (0 < 500 FV pixels)
train_val,d_r_594_.jpg,below threshold (0 < 500 FV pixels)
train_val,d_r_59_.jpg,below threshold (0 < 500 FV pixels)
train_val,d_r_5_.jpg,below threshold (0 < 500 FV pixels)
train_val,d_r_600_.jpg,below threshold (0 < 500 FV pixels)
train_val,d_r_604_.jpg,below threshold (0 < 500 FV pixels)
train_val,d_r_605_.jpg,below threshold (0 < 500 FV pixels)
train_val,d_r_607_.jpg,below threshold (0 < 500 FV pixels)
train_val,d_r_615_.jpg,below threshold (0 < 500 FV pixels)
train_val,d_r_617_.jpg,below threshold (0 < 500 FV pixels)
train_val,d_r_618_.jpg,below threshold (0 < 500 FV pixels)
train_val,d_r_622_.jpg,below threshold (0 < 500 FV pixels)
train_val,d_r_624_.jpg,below threshold (0 < 500 FV pixels)
train_val,d_r_632_.jpg,below threshold (0 < 500 FV pixels)
train_val,d_r_633_.jpg,below threshold (0 < 500 FV pixels)
train_val,d_r_638_.jpg,below threshold (0 < 500 FV pixels)
train_val,d_r_63_.jpg,below threshold (0 < 500 FV pixels)
train_val,d_r_649_.jpg,below threshold (0 < 500 FV pixels)
train_val,d_r_651_.jpg,below threshold (0 < 500 FV pixels)
train_val,d_r_654_.jpg,below threshold (0 < 500 FV pixels)
train_val,d_r_656_.jpg,below threshold (0 < 500 FV pixels)
train_val,d_r_657_.jpg,below threshold (0 < 500 FV pixels)
train_val,d_r_65_.jpg,below threshold (0 < 500 FV pixels)
train_val,d_r_661_.jpg,below threshold (0 < 500 FV pixels)
train_val,d_r_662_.jpg,below threshold (0 < 500 FV pixels)
train_val,d_r_664_.jpg,below threshold (0 < 500 FV pixels)
train_val,d_r_668_.jpg,below threshold (0 < 500 FV pixels)
train_val,d_r_675_.jpg,below threshold (0 < 500 FV pixels)
train_val,d_r_67_.jpg,below threshold (0 < 500 FV pixels)
train_val,d_r_689_.jpg,below threshold (0 < 500 FV pixels)
train_val,d_r_690_.jpg,below threshold (0 < 500 FV pixels)
train_val,d_r_695_.jpg,below threshold (0 < 500 FV pixels)
train_val,d_r_700_.jpg,below threshold (0 < 500 FV pixels)
train_val,d_r_702_.jpg,below threshold (0 < 500 FV pixels)
train_val,d_r_706_.jpg,below threshold (0 < 500 FV pixels)
train_val,d_r_709_.jpg,below threshold (0 < 500 FV pixels)
train_val,d_r_710_.jpg,below threshold (0 < 500 FV pixels)
train_val,d_r_712_.jpg,below threshold (0 < 500 FV pixels)
train_val,d_r_714_.jpg,below threshold (0 < 500 FV pixels)
train_val,d_r_715_.jpg,below threshold (0 < 500 FV pixels)
train_val,d_r_716_.jpg,below threshold (0 < 500 FV pixels)
train_val,d_r_722_.jpg,below threshold (0 < 500 FV pixels)
train_val,d_r_730_.jpg,below threshold (0 < 500 FV pixels)
train_val,d_r_732_.jpg,below threshold (0 < 500 FV pixels)
train_val,d_r_733_.jpg,below threshold (0 < 500 FV pixels)
train_val,d_r_738_.jpg,below threshold (0 < 500 FV pixels)
train_val,d_r_739_.jpg,below threshold (0 < 500 FV pixels)
train_val,d_r_740_.jpg,below threshold (0 < 500 FV pixels)
train_val,d_r_741_.jpg,below threshold (0 < 500 FV pixels)
train_val,d_r_745_.jpg,below threshold (0 < 500 FV pixels)
train_val,d_r_746_.jpg,below threshold (0 < 500 FV pixels)
train_val,d_r_749_.jpg,below threshold (0 < 500 FV pixels)
train_val,d_r_759_.jpg,below threshold (0 < 500 FV pixels)
train_val,d_r_765_.jpg,below threshold (0 < 500 FV pixels)
train_val,d_r_771_.jpg,below threshold (0 < 500 FV pixels)
train_val,d_r_77_.jpg,below threshold (0 < 500 FV pixels)
train_val,d_r_783_.jpg,below threshold (0 < 500 FV pixels)
train_val,d_r_788_.jpg,below threshold (0 < 500 FV pixels)
train_val,d_r_78_.jpg,below threshold (0 < 500 FV pixels)
train_val,d_r_797_.jpg,below threshold (0 < 500 FV pixels)
train_val,d_r_798_.jpg,below threshold (0 < 500 FV pixels)
train_val,d_r_80_.jpg,below threshold (0 < 500 FV pixels)
train_val,d_r_87_.jpg,below threshold (0 < 500 FV pixels)
train_val,f_r_1006_.jpg,below threshold (0 < 500 FV pixels)
train_val,f_r_100_.jpg,below threshold (0 < 500 FV pixels)
train_val,f_r_1014_.jpg,below threshold (0 < 500 FV pixels)
train_val,f_r_1019_.jpg,below threshold (0 < 500 FV pixels)
train_val,f_r_1029_.jpg,below threshold (0 < 500 FV pixels)
train_val,f_r_1046_.jpg,below threshold (0 < 500 FV pixels)
train_val,f_r_1048_.jpg,below threshold (494 < 500 FV pixels)
train_val,f_r_1058_.jpg,below threshold (0 < 500 FV pixels)
train_val,f_r_1060_.jpg,below threshold (0 < 500 FV pixels)
train_val,f_r_1072_.jpg,below threshold (242 < 500 FV pixels)
train_val,f_r_1099_.jpg,below threshold (0 < 500 FV pixels)
train_val,f_r_1112_.jpg,below threshold (0 < 500 FV pixels)
train_val,f_r_1114_.jpg,below threshold (0 < 500 FV pixels)
train_val,f_r_1119_.jpg,below threshold (0 < 500 FV pixels)
train_val,f_r_1130_.jpg,below threshold (0 < 500 FV pixels)
train_val,f_r_1131_.jpg,below threshold (0 < 500 FV pixels)
train_val,f_r_1133_.jpg,below threshold (0 < 500 FV pixels)
train_val,f_r_1140_.jpg,below threshold (0 < 500 FV pixels)
train_val,f_r_1150_.jpg,below threshold (0 < 500 FV pixels)
train_val,f_r_1171_.jpg,below threshold (0 < 500 FV pixels)
train_val,f_r_1177_.jpg,below threshold (0 < 500 FV pixels)
train_val,f_r_1180_.jpg,below threshold (0 < 500 FV pixels)
